date,mom_01,mom_02,mom_03,mom_04,mom_05,mom_06,mom_07,mom_08,mom_09,mom_10
2016-01-04,0.67,-0.03,-0.93,-1.11,-1.47,-1.66,-1.4,-2.08,-1.71,-2.67
2016-01-05,-0.36,0.2,-0.37,0.28,0.16,0.18,-0.22,0.25,0.29,0.13
2016-01-06,-4.97,-2.33,-2.6,-1.16,-1.7,-1.45,-1.15,-1.46,-1.14,-0.45
2016-01-07,-4.91,-1.91,-3.03,-1.87,-2.31,-2.3,-2.7,-2.31,-2.36,-2.66
2016-01-08,-0.4,-1.26,-0.98,-1.26,-1.13,-1.02,-0.96,-1.42,-0.94,-1.32
2016-01-11,-5.14,-0.81,-1.33,-0.72,-0.43,0.14,0.23,0.28,0.29,0.33
2016-01-12,-1.84,-0.36,0.14,0.67,0.61,0.6,1.01,0.68,1,1.02
2016-01-13,-4.88,-3.06,-2.7,-2,-2.34,-2.18,-2.44,-2.77,-2.65,-3.71
2016-01-14,3.85,2.48,1.71,2.24,1.88,1.39,1.55,1.35,1.47,1.72
2016-01-15,-3.85,-2.87,-1.92,-2.09,-1.38,-2.46,-1.88,-2.23,-2.28,-2.4
2016-01-19,-4.74,-1.5,-0.76,-0.69,-0.35,-0.18,0.11,0,0.03,0.18
2016-01-20,-1.27,0.18,-1.08,-1.9,-0.71,-0.77,-0.77,-1.24,-0.99,-0.42
2016-01-21,7.67,1.89,1.88,0.86,0.54,-0.1,0.24,-0.44,0.12,0.47
2016-01-22,4.24,2.1,2.06,1.36,1.93,2.78,1.71,1.8,2.5,2.05
2016-01-25,-5.97,-3.67,-2.34,-2.16,-1.85,-1.71,-1.33,-1.44,-1.62,-1.12
2016-01-26,4.75,3.22,2.34,1.87,2.37,1.13,1.56,1.23,1.13,0.72
2016-01-27,-0.68,-0.87,-0.47,-0.61,-1.9,-0.97,-0.53,-0.63,-1.16,-2.02
2016-01-28,1.04,0.6,0.1,-0.35,0.8,-0.53,-0.04,-0.12,-0.41,2.87
2016-01-29,6.12,3.28,3.29,2.81,2.61,2.07,2.39,2.53,2.94,2.1
2016-02-01,-3.08,0.16,0.13,-0.13,-0.51,0.36,-0.08,-0.02,-0.01,0.26
2016-02-02,-4.57,-3.03,-2.67,-2.83,-2.09,-1.25,-1.86,-1.98,-1.91,-1.7
2016-02-03,4.92,2.25,1.45,1.64,1.76,0.74,0.84,-0.23,0.23,-1.6
2016-02-04,3.26,2.17,0.83,1.45,1.16,0.12,0.39,-0.02,-0.54,-0.65
2016-02-05,-2.49,-2.4,-1.52,-1.77,-1.77,-0.93,-1.47,-1.62,-2.04,-3.91
2016-02-08,-5.37,-3.92,-1.59,-1.08,-0.52,-1.26,-1.85,-1,-1.84,-2.01
2016-02-09,-3.1,-2.33,-1.06,-1.14,-0.44,0.02,0.09,0.31,0.9,0.07
2016-02-10,-0.56,-0.55,-0.11,-0.19,-0.46,-0.21,-0.38,-0.06,0.66,0.8
2016-02-11,-2.58,-1.6,-1.01,-1.43,-1,-1.62,-1.69,-1.18,-1.45,-0.26
2016-02-12,5.19,3.02,2.93,2.46,1.58,2.35,2.43,2,1.53,1.12
2016-02-16,4.94,2.46,2.59,2.17,2.24,1.83,1.57,1.56,1.35,1.72
2016-02-17,5.82,4.1,2.85,2.1,2.06,1.75,1.11,1.43,1.25,1.85
2016-02-18,-0.64,-0.32,-0.54,-0.43,-0.9,-0.43,-0.55,-0.35,-0.16,-0.95
2016-02-19,-2.88,-1.5,-0.32,-0.1,-0.09,0.04,0.04,0.24,0.28,0.4
2016-02-22,3.96,3.14,2.4,2.03,1.62,1.24,1.26,1.1,0.97,1.57
2016-02-23,-4.09,-2.74,-1.65,-1.52,-1.7,-1.4,-1.12,-0.92,-0.42,-1.01
2016-02-24,1.6,0.59,0.77,0.67,0.66,0.49,0.29,0.49,0.34,0.71
2016-02-25,0.31,0.93,0.45,1.29,1.03,1.08,0.99,1.28,1.27,1.22
2016-02-26,2.62,2.27,1.52,0.61,0.14,0.44,-0.07,-0.51,-0.59,-0.64
2016-02-29,1.67,-0.03,-0.53,-0.43,-0.81,-0.44,-1.12,-1.1,-0.57,-0.7
2016-03-01,1.47,2.37,2.38,2.98,2.61,2.68,2.31,2.12,1.42,2.54
2016-03-02,5.76,3.26,1.53,0.4,0.58,0.56,0.29,0.21,0.39,0.14
2016-03-03,4.09,2.41,1.36,0.99,0.71,0.5,0.38,0.41,0.33,-0.29
2016-03-04,2.69,0.82,1.04,0.54,0.73,0.4,0.09,0.47,0.13,0.02
2016-03-07,3.04,2.27,1.46,0.67,0.63,0.87,0.37,-0.04,-0.17,-1.24
2016-03-08,-7.28,-4.75,-3.21,-2.53,-1.97,-1.35,-1.22,-1,-0.24,0.12
2016-03-09,1.01,1.13,0.18,0.68,0.34,0.84,0.34,0.2,0.38,0.84
2016-03-10,-1.73,-0.96,-0.58,-0.14,0,-0.2,-0.12,0.05,0.04,0.02
2016-03-11,3.97,3.52,3.12,2.81,2.08,1.97,1.7,1.51,0.9,1.07
2016-03-14,0.45,-0.22,-0.42,-0.61,-0.09,-0.16,-0.44,-0.11,-0.12,0.23
2016-03-15,-3.88,-2.95,-1.88,-0.93,-0.04,-0.54,-0.68,0,-0.15,0.23
2016-03-16,3.9,1.91,1.16,0.91,0.61,0.89,0.14,0.34,0.39,0.63
2016-03-17,2.31,1.88,0.96,1.02,0.68,1.01,0.63,0.59,0.65,0.31
2016-03-18,0.73,1.15,1.19,1.32,0.87,0.89,0.58,0.76,0.28,-0.49
2016-03-21,-0.04,-0.01,-0.04,0.04,0.2,0.33,0.06,-0.18,-0.04,0.34
2016-03-22,0.09,0.25,0.06,-0.22,-0.11,-0.02,0.23,0.01,-0.32,-0.02
2016-03-23,-7.03,-3.83,-2.56,-1.98,-1.11,-1.38,-0.76,-0.5,0.02,-0.03
2016-03-24,0.68,0.59,0.32,-0.09,-0.21,0.03,-0.1,-0.08,0.02,0.12
2016-03-28,-1.38,-0.73,-0.29,-0.31,-0.05,-0.07,0.19,0.17,0.12,0.17
2016-03-29,2.09,1.53,1.37,1.15,0.98,0.65,0.79,0.86,1.34,1.42
2016-03-30,0.36,0.32,0,0.4,0.69,0.36,0.61,0.38,0.33,0.34
2016-03-31,2.41,1.27,0.35,0.05,-0.17,0.02,-0.28,-0.27,-0.28,-0.3
2016-04-01,-1.38,-0.79,0.02,0.19,0.39,0.87,0.81,0.68,0.83,0.84
2016-04-04,-0.14,-1.52,-0.87,-0.78,-0.08,-0.4,-0.19,-0.16,-0.21,-0.66
2016-04-05,-0.86,-1.18,-1.16,-0.94,-1.09,-0.84,-1.49,-1.01,-0.77,-0.77
2016-04-06,3.24,2.5,2.24,0.9,1.49,1.41,0.94,0.99,0.64,0.96
2016-04-07,-0.61,-1.56,-1.51,-1.7,-1.51,-1.54,-1.39,-1.17,-1.03,-0.68
2016-04-08,1.46,1.33,0.48,0.59,0.1,0.47,0.1,0.23,0.37,-0.1
2016-04-11,0.08,-0.54,-0.49,0.02,0,-0.12,-0.35,-0.27,-0.55,-0.45
2016-04-12,4.26,2.59,1.25,1.2,1.37,1.04,0.86,0.75,0.61,0.72
2016-04-13,2.17,2.1,2.36,2.69,1.64,1.94,1.28,0.99,0.35,0.42
2016-04-14,-0.12,-0.07,0.18,0.25,-0.08,0.25,0.09,-0.09,-0.14,0.03
2016-04-15,-0.56,-0.42,-0.15,-0.57,-0.7,-0.2,-0.21,0.29,0.29,0.29
2016-04-18,1.05,1.24,0.94,0.76,0.1,0.92,0.54,0.52,0.63,0.77
2016-04-19,1.84,1.05,0.18,0.91,0.25,0.75,0.52,0.35,-0.02,-0.46
2016-04-20,1.41,0.85,0.84,0.83,0.73,0.61,0.33,-0.19,-0.7,-0.42
2016-04-21,-0.11,0.75,-0.05,0.12,-0.37,0.02,-0.55,-0.69,-1.18,-0.57
2016-04-22,1.92,1.64,0.95,0.92,0.51,0.46,0.44,0.21,-0.52,-1.29
2016-04-25,-2.65,-1.83,-1.4,-0.71,-0.29,-0.47,-0.26,0.07,0.03,0.43
2016-04-26,2.1,1.41,0.92,0.5,0.35,0.62,0.43,-0.03,0.11,-0.44
2016-04-27,2.27,1.16,0.6,0.31,-1.04,0.26,0.47,0.62,0.2,0.06
2016-04-28,-1.62,-1.11,-1.72,-1.08,-1.33,-1.25,-1.03,-0.69,-0.79,-0.2
2016-04-29,-0.86,-0.49,-1.03,-1.08,-1.43,-0.65,-0.71,-0.45,-0.09,1.1
2016-05-02,-1.16,-0.37,0.62,0.68,0.55,0.86,0.76,0.82,1,1.29
2016-05-03,-4.13,-2.84,-1.73,-1.81,-0.91,-0.96,-1.06,-0.6,-0.72,-0.81
2016-05-04,-1.69,-2.25,-1.72,-1.26,-1,-0.95,-0.87,-0.28,-0.2,0.13
2016-05-05,-0.62,-0.29,-0.08,-0.42,0.09,-0.02,-0.21,-0.12,-0.02,-0.12
2016-05-06,-1.3,0.28,0.07,-0.15,0.25,0.3,0.19,0.32,0.42,0.96
2016-05-09,-2.77,-0.93,-0.13,-0.08,-0.13,0.05,0.12,0.22,0.19,0.48
2016-05-10,2.11,1.81,1.49,1.94,1.31,1.14,1.11,1.04,1.15,1.29
2016-05-11,-0.27,-1.3,-1.28,-0.99,-1.29,-0.97,-0.87,-0.88,-0.78,-0.42
2016-05-12,-2.1,-1.29,-0.78,-0.71,-0.62,-0.05,0.01,0.12,0.4,0.26
2016-05-13,-0.81,-0.81,-0.48,-1.15,-1.07,-0.94,-0.62,-0.81,-0.86,-0.45
2016-05-16,2.44,1.51,1.25,1.32,1.33,1.2,0.92,0.92,0.83,0.36
2016-05-17,1.82,-0.05,-0.12,-0.3,-0.65,-0.92,-0.89,-1.15,-1.35,-1.66
2016-05-18,-1.3,-0.37,0.59,0.93,0.8,0.36,0.02,-0.37,-0.19,-0.19
2016-05-19,-0.54,-0.85,-0.59,-0.85,0,-0.69,-0.01,-0.42,-0.3,-0.31
2016-05-20,2.62,1.93,1.64,1.01,0.85,0.9,0.59,0.62,0.42,0.42
2016-05-23,0.35,0.26,-0.23,0.5,-0.21,-0.25,-0.3,-0.35,-0.3,-0.38
2016-05-24,0.84,1.71,1.6,1.64,1.3,1.62,1.34,1.42,1.24,1.59
2016-05-25,3.06,1.56,1.49,1.03,1.24,0.7,0.56,0.36,0.29,0.1
2016-05-26,-0.43,-0.36,0.06,-0.5,-0.13,-0.11,-0.21,0.09,0.2,0.35
2016-05-27,0.68,0.95,0.52,0.57,0.55,0.47,0.46,0.54,0.36,0.37
2016-05-31,1.66,0.88,0.21,0.4,0,-0.16,-0.33,-0.14,-0.14,0
2016-06-01,0.95,0.54,-0.1,0.21,0.12,0.17,0.24,0.29,0.17,0.26
2016-06-02,1.39,1.25,0.34,0.52,0.24,0.63,0.31,0.18,0.45,0.1
2016-06-03,-1.08,-0.73,-0.51,-1.48,-0.7,-0.57,-0.22,-0.27,0.04,0.22
2016-06-06,3.44,2.04,1.17,0.99,0.9,0.56,0.5,0.56,0.23,-0.11
2016-06-07,0.61,0.47,-0.22,0.05,0.03,0.15,0.07,0.35,0.25,-0.07
2016-06-08,-0.51,0.11,-0.1,0.38,0.28,0.24,0.42,0.3,0.59,0.78
2016-06-09,-1.72,-1.38,-0.7,-0.74,-0.73,-0.55,-0.32,-0.16,0.37,0.33
2016-06-10,-3.72,-2.63,-1.91,-1.98,-1.59,-0.95,-0.8,-0.72,-0.39,-0.79
2016-06-13,-1.08,0.14,-1.24,-1.25,-0.97,-0.72,-0.9,-0.48,-0.91,-0.67
2016-06-14,-0.33,-0.7,-0.42,-1.34,-0.85,-0.15,-0.07,-0.02,0.13,0.28
2016-06-15,0.65,0.58,-0.14,0.27,-0.07,-0.06,-0.44,-0.25,-0.2,-0.26
2016-06-16,-0.3,-0.25,-0.04,-0.16,-0.01,0.14,0.36,0.46,0.55,0.17
2016-06-17,1.18,0.38,0.09,-0.51,0.14,0.08,-0.41,-0.32,-0.37,-1.03
2016-06-20,1.61,1.21,0.99,0.55,0.8,0.91,0.59,0.77,0.5,0.62
2016-06-21,0.28,-0.72,-0.22,0.28,-0.18,0.15,0.32,0.3,0.45,0.25
2016-06-22,-1.22,-0.09,-0.17,-0.36,-0.05,-0.26,-0.03,-0.11,-0.26,-0.23
2016-06-23,3.46,2.29,2.2,1.78,1.77,1.74,1.44,1.19,1.18,0.87
2016-06-24,-4.91,-5.53,-5.36,-4.58,-4.96,-4.92,-3.86,-3.05,-2.8,-2.25
2016-06-27,-5.53,-5.01,-3.77,-3.26,-2.76,-2.91,-1.97,-1.2,-1.36,-0.92
2016-06-28,3.46,3.01,3.21,2.23,2.02,1.97,1.46,1.49,1.54,1.44
2016-06-29,2.91,2.36,1.85,2.66,2.16,2.13,1.98,1.7,1.33,1.1
2016-06-30,0.49,1.32,1.12,1.11,1.39,1.45,1.34,1.69,1.48,1.38
2016-07-01,1.7,1.16,0.62,0.22,0.24,0.04,0.18,0.05,0.1,0.35
2016-07-05,-3.01,-2.76,-1.69,-1.8,-1.82,-1.22,-0.67,-0.3,-0.09,0.1
2016-07-06,1.24,0.94,1.1,0.84,0.57,0.72,0.21,0.69,0.27,0.81
2016-07-07,0.67,0.69,0.32,0.39,0.4,0.18,0.1,-0.37,-0.32,-0.24
2016-07-08,2.52,2.49,1.73,1.76,1.9,1.57,1.62,1.39,1.31,1.37
2016-07-11,0.89,0.67,0.48,0.47,0.62,0.38,0.29,0.31,0.19,0.6
2016-07-12,2.81,2.12,1.62,1.09,1.35,1.06,0.77,0.26,0.31,-0.23
2016-07-13,-1.04,-0.68,-0.54,-0.06,0.1,0.1,-0.01,0.17,-0.1,0.08
2016-07-14,1.07,0.85,1.25,0.77,0.8,0.43,0.56,0.26,0.28,0.04
2016-07-15,0.49,0.34,-0.04,-0.46,0.08,-0.14,-0.17,0.04,0,-0.05
2016-07-18,1.43,0.73,0.84,0.34,-0.02,-0.05,0.33,0.01,0.21,0.06
2016-07-19,-1.13,-0.89,-0.21,-0.53,-0.2,-0.23,-0.31,0.05,-0.04,0.09
2016-07-20,1.79,1.29,0.68,0.38,0.35,0.39,0.45,0.77,-0.04,0.17
2016-07-21,-0.96,0.44,-0.43,0.25,-0.62,-0.34,-0.43,-0.67,-0.48,-0.41
2016-07-22,0.53,0.13,0.17,0.71,0.5,0.49,0.56,0.45,0.48,0.72
2016-07-25,-0.2,-0.01,-0.5,-0.08,-0.25,-0.24,-0.3,-0.29,-0.47,0.04
2016-07-26,0.68,-0.23,0.16,0.75,0.39,0.37,0.14,0.12,-0.3,-0.13
2016-07-27,-0.21,0.55,1.73,-0.47,-0.05,-0.25,-0.19,-0.47,-0.56,-0.38
2016-07-28,-0.32,-0.07,0.67,0.05,-0.2,-0.1,0.17,0.19,0.23,0.9
2016-07-29,0.35,-0.06,-0.04,-0.18,-0.07,0.04,0.36,0.37,0.1,0.7
2016-08-01,-1.09,-0.1,0.26,-0.39,-0.19,-0.11,0.11,-0.03,-0.56,0.07
2016-08-02,-0.9,-1.52,-0.71,-0.98,-0.86,-0.89,-0.47,-0.67,-0.25,-0.67
2016-08-03,2.85,1.66,1.3,1.16,0.49,0.1,0.33,0.08,-0.12,-0.19
2016-08-04,-0.68,-0.43,-0.3,0.15,-0.2,0.06,0.07,0.18,0.19,0.44
2016-08-05,2.01,2,1.82,1.21,1.37,1.03,1.48,0.09,0.23,0.25
2016-08-08,0.94,0.28,0.11,-0.02,-0.2,-0.26,-0.11,-0.1,-0.13,-0.09
2016-08-09,-0.26,-0.22,-0.18,-0.03,0.14,0.07,-0.08,0.26,0.17,0.19
2016-08-10,-1.56,-0.93,-0.94,-0.19,-0.29,-0.08,0,-0.09,-0.22,-0.21
2016-08-11,2.12,0.98,0.59,0.52,0.49,0.53,0.54,0.43,0.34,0.32
2016-08-12,0.69,-0.17,-0.12,-0.04,-0.03,-0.16,-0.03,-0.28,0.01,0.12
2016-08-15,1.92,1.32,0.93,0.8,0.47,0.3,0.23,0.11,-0.09,0.09
2016-08-16,-0.68,-0.27,-0.21,-0.44,-0.43,-0.49,-0.62,-0.79,-0.78,-0.89
2016-08-17,-0.82,0.02,-0.05,-0.2,0.17,0.33,0.04,0.15,0.4,0.15
2016-08-18,1.2,0.39,0.2,0.34,0.22,0.48,0.06,0.39,0.22,0.76
2016-08-19,-0.36,-0.29,0.29,0.05,0.08,-0.06,-0.28,-0.17,-0.24,-0.14
2016-08-22,-0.2,0.23,0.01,-0.22,-0.05,-0.01,-0.13,0.03,0.02,0.19
2016-08-23,1.35,0.72,0.39,0.34,0.22,0.26,0.17,0.18,0.09,0.24
2016-08-24,-2.11,-1.49,-0.51,-0.73,-0.28,-0.56,-0.4,-0.4,-0.42,-0.89
2016-08-25,-0.43,-0.19,-0.46,-0.28,0.04,-0.11,0.01,-0.11,-0.01,0.25
2016-08-26,0.28,0.04,0.24,-0.3,-0.09,-0.02,-0.16,-0.29,-0.45,0.27
2016-08-29,0.99,0.06,0.55,0.4,0.53,0.46,0.52,0.6,0.58,0.64
2016-08-30,0.08,0.06,0.58,0.09,0.14,-0.15,-0.21,-0.38,-0.43,-0.57
2016-08-31,-0.63,-0.94,-0.31,-0.13,-0.3,-0.26,-0.2,-0.1,-0.24,-0.25
2016-09-01,-0.42,-0.22,-0.43,-0.06,-0.15,0.16,0.16,0.13,0.07,0.52
2016-09-02,0.55,0.82,0.41,0.48,0.49,0.51,0.46,0.56,0.46,0.61
2016-09-06,0.88,0.81,-0.07,-0.27,-0.17,0.23,0.15,0.48,0.37,1.12
2016-09-07,1.67,0.9,0.48,0.23,0.02,0.04,-0.19,-0.2,0.02,-0.16
2016-09-08,0.52,0.63,0.35,-0.68,0.09,-0.27,-0.37,-0.18,-0.18,-0.21
2016-09-09,-3.09,-2.88,-1.88,-2.28,-2.05,-2.39,-2.47,-2.54,-2.71,-3.06
2016-09-12,2.49,1.71,1.24,1.49,1.34,1.57,1.46,1.41,1.44,1.44
2016-09-13,-2.09,-1.57,-2.02,-0.6,-1.53,-1.54,-1.54,-1.57,-1.39,-1.67
2016-09-14,-0.43,-0.15,-0.58,0.4,-0.25,-0.26,0.08,-0.1,0.01,0.13
2016-09-15,1.17,1.15,0.96,1.32,0.86,0.99,1.04,0.94,1.18,1.32
2016-09-16,0.11,-0.12,-0.39,-0.57,-0.48,-0.83,-0.17,-0.26,-0.32,0.11
2016-09-19,0.08,0.21,0.13,-0.13,0.26,0.27,-0.08,-0.13,-0.07,0.61
2016-09-20,-0.16,0.11,-0.28,0.12,-0.13,0.04,0.19,-0.09,-0.07,-0.3
2016-09-21,1.09,0.89,0.59,0.57,1.2,1.27,1.22,1.04,1.5,1.96
2016-09-22,1.5,0.96,0.79,0.62,0.57,0.52,0.81,0.68,0.75,0.56
2016-09-23,0.6,-0.42,-0.71,-0.41,-0.7,-0.58,-0.52,-0.59,-0.69,-1.13
2016-09-26,-0.95,-1.1,-1.28,-1.08,-0.97,-0.87,-0.75,-0.77,-0.58,-0.56
2016-09-27,0.81,0.58,0.63,0.6,0.63,0.36,0.59,0.64,1.01,1.07
2016-09-28,0.73,0.6,0.44,0.49,0.17,0.37,0.78,0.5,0.83,1.36
2016-09-29,-1.49,-1.43,-1.38,-1.19,-0.93,-0.77,-0.74,-1.05,-0.67,-0.82
2016-09-30,1.34,0.74,1.08,1.32,0.95,0.9,0.76,0.6,0.77,0.86
2016-10-03,0.25,0.02,-0.11,-0.38,-0.32,-0.33,-0.35,-0.29,-0.04,-0.26
2016-10-04,-0.9,-0.22,0.1,-0.02,-0.15,-0.51,-0.66,-0.86,-0.66,-0.72
2016-10-05,2.09,1.18,0.86,0.79,0.74,0.48,0.42,0.22,0.27,0.86
2016-10-06,-2.3,-0.61,-0.26,0.21,0.05,-0.13,0.03,0.1,0.09,-0.01
2016-10-07,-1.08,-0.72,-0.24,-0.2,-0.35,-0.48,-0.45,-0.25,-0.33,-0.38
2016-10-10,1.1,0.63,0.13,1.04,0.46,0.18,0.53,0.56,0.67,0.78
2016-10-11,-2.2,-1.66,-1.29,-0.97,-1.31,-1.1,-1.37,-1.27,-1.55,-1.62
2016-10-12,-0.89,-0.54,-0.3,0.1,0.11,0.12,0.07,0.3,0.14,0.16
2016-10-13,-0.91,-0.4,-0.42,-0.71,-0.49,-0.53,-0.34,-0.22,-0.16,-0.48
2016-10-14,-1.02,-0.49,-0.28,0.32,0.02,0.23,-0.11,0.18,-0.09,-0.12
2016-10-17,-1.01,-0.76,-0.6,-0.4,-0.33,-0.2,-0.05,-0.07,-0.33,-0.41
2016-10-18,1.06,0.71,0.82,1.31,0.46,0.43,0.85,0.08,0.62,0.68
2016-10-19,1.08,0.9,0.57,0.45,0.17,0.36,-0.34,0.05,0.46,0.21
2016-10-20,0.45,0.11,0.53,-0.08,-0.21,-0.16,-0.52,-0.39,-0.01,-0.34
2016-10-21,0.33,0.08,0,0.06,0.05,0.64,-0.25,-0.67,0.07,-0.46
2016-10-24,-0.14,0.41,0.27,0.58,0.41,0.77,0.51,0.42,0.74,0.71
2016-10-25,-0.7,-0.62,-0.23,-0.41,-0.48,-0.27,-0.31,-0.58,-0.68,-0.8
2016-10-26,-1.07,0.45,0.27,-0.47,-0.02,-0.3,-0.23,-0.2,-0.79,-1.43
2016-10-27,-1.3,0.35,-0.21,-0.36,-0.21,-0.38,-0.39,-0.32,-0.54,-1.2
2016-10-28,-0.32,-0.67,-0.92,-0.41,0.14,-0.58,-0.06,0.17,-0.64,0.08
2016-10-31,-1.28,-0.47,0.01,-0.14,-0.37,0.01,0.32,0.43,0.42,0.3
2016-11-01,-0.01,-0.39,-0.56,-1.12,-0.63,-0.47,-0.79,-0.7,-0.83,-0.66
2016-11-02,-1.71,-0.97,-0.57,-0.73,-0.55,-0.89,-0.39,-0.6,-1.02,-1.09
2016-11-03,-2.13,-0.6,-0.62,-0.48,-0.39,-0.25,-0.17,-0.69,-0.1,-0.26
2016-11-04,1.46,0,0.43,-0.36,-0.12,-0.23,-0.13,-0.14,-0.32,0.02
2016-11-07,2.52,2.29,2.58,2.22,2.31,2.28,1.9,1.99,2.37,2.64
2016-11-08,-0.34,0.04,-0.45,0.26,0.37,0.76,0.54,0.68,0.63,0.41
2016-11-09,5.86,2.84,3.55,1.95,1.78,0.97,0.07,0.87,0.04,1.36
2016-11-10,1.73,1.66,1.93,1.74,-0.12,0.37,-0.41,-0.67,-0.6,-1.13
2016-11-11,-0.1,0.36,0.36,0.28,0.21,0.26,-0.34,-0.25,-0.06,1.54
2016-11-14,2.21,1.33,1.92,0.64,0.05,-0.46,-0.04,-0.53,-0.81,0.37
2016-11-15,-0.33,-0.02,0.69,0.79,0.44,1,1.06,0.91,1.58,1.48
2016-11-16,-0.82,-0.63,-0.7,-0.31,0.17,0.08,0.05,-0.33,0.11,0.62
2016-11-17,0.36,0.97,0.92,0.59,0.66,0.52,0.19,0.4,0.67,0.61
2016-11-18,-0.98,-0.25,0.04,-0.14,-0.24,-0.26,-0.19,-0.13,-0.17,0.22
2016-11-21,0.79,0.39,0.59,0.59,0.76,0.71,0.69,1.06,1.32,0.86
2016-11-22,-0.45,-0.05,0.22,0.53,0.04,0.43,-0.16,0.38,0.35,1.05
2016-11-23,0.96,0.38,0.49,0.12,0.1,0.1,0.43,-0.17,0.07,0.32
2016-11-25,-0.06,0.31,0.4,0.18,0.47,0.34,0.54,0.63,0.23,0.21
2016-11-28,-1.82,-0.94,-1.02,-1.06,-0.65,-0.56,-0.48,-0.22,-0.54,-0.72
2016-11-29,-0.5,-0.38,-0.09,0.17,0.15,0.3,0.2,-0.13,0.56,-0.18
2016-11-30,0.11,-0.33,0.65,0.36,-0.22,-0.03,-0.69,-0.67,-1,0.45
2016-12-01,-1,-0.22,0.13,0.6,-0.24,-0.12,-0.71,-0.54,-0.76,-1.82
2016-12-02,-0.28,-0.21,-0.27,-0.22,-0.03,-0.19,0.14,0.16,0.32,0.67
2016-12-05,1.35,1.06,1,0.31,0.9,0.83,0.62,0.58,0.59,1.28
2016-12-06,0.6,0.61,0.88,0.56,0.34,0.44,0.39,0.26,0.26,0.76
2016-12-07,0.18,1.13,1.29,1.13,1.41,1.47,1.02,1.46,1.36,1.05
2016-12-08,1.24,0.4,0.52,0.69,0.55,0.05,0.27,0.28,0.09,-0.25
2016-12-09,0.91,0.83,0.38,0.83,0.63,0.57,0.46,0.32,0.04,-0.91
2016-12-12,-1.25,-0.57,-0.71,-0.02,-0.16,0.34,-0.3,-0.24,-0.81,-1.27
2016-12-13,0.62,0.62,0.79,0.66,0.8,0.41,0.41,0.41,0.43,0.28
2016-12-14,-1.01,-0.81,-0.75,-0.74,-0.96,-0.76,-0.58,-0.86,-1.35,-0.73
2016-12-15,0.2,0.54,0.34,0.42,0.34,0.5,0.7,0.53,0.42,0.87
2016-12-16,0.26,0.02,0.04,0.05,-0.24,-0.53,-0.42,-0.32,-0.69,-0.59
2016-12-19,-0.12,0.18,0.11,0.24,0.37,0.31,0.07,0.17,0.18,0.41
2016-12-20,0.32,0.16,0.48,0.33,0.28,0.59,0.58,0.6,0.42,1.17
2016-12-21,-0.4,-0.14,-0.4,-0.14,-0.2,-0.24,-0.4,-0.17,0.02,-0.26
2016-12-22,-0.62,-0.45,-0.44,-0.19,-0.14,-0.33,-0.2,-0.06,-0.39,-0.41
2016-12-23,1,0.39,0.15,0.29,-0.02,0.12,0.08,0.24,0.11,0.63
2016-12-27,0.22,0.33,0.18,0.26,0.26,0.18,0.18,0.41,0.22,1.18
2016-12-28,-1.01,-0.96,-0.78,-0.8,-0.65,-0.82,-0.76,-1.01,-1.26,-1.8
2016-12-29,-0.16,0.05,-0.1,0.07,0.06,-0.21,-0.12,-0.11,-0.02,0.31
2016-12-30,-0.26,-0.54,-0.56,-0.53,-0.68,-0.3,-0.12,-0.56,-0.57,-1.49
2017-01-03,2.15,1.19,0.99,0.62,0.84,0.44,0.69,0.73,0.94,0.53
2017-01-04,1.63,1.24,0.57,0.57,0.3,0.8,0.97,0.83,0.99,1.87
2017-01-05,0.32,-0.13,0.08,-0.14,-0.33,0.03,-0.63,-0.71,-0.27,-0.85
2017-01-06,0.17,0.6,0.31,0.33,0.36,0.23,0.35,0.21,0.21,-0.33
2017-01-09,-0.03,-0.11,-0.26,0.09,-0.71,-0.48,-0.62,-0.76,-0.92,-0.22
2017-01-10,0.44,-0.02,-0.09,-0.07,0.04,0.32,0.39,0.94,0.78,0.58
2017-01-11,-1.2,0.17,0.14,0.47,0.5,0.59,0.39,0.71,0.6,0.57
2017-01-12,0.05,-0.24,-0.25,-0.17,0.1,-0.55,-0.57,-0.54,-0.88,-0.99
2017-01-13,0.51,0.07,0.21,0.04,0.34,0.39,0.5,0.56,0.39,0.48
2017-01-17,-0.12,0.39,-0.1,0.16,-0.56,-1.11,-1.58,-1.69,-1.09,-0.83
2017-01-18,0.08,0.25,0.16,0.02,0.09,0.28,0.42,0.55,0.92,0.71
2017-01-19,-0.82,-0.44,-0.51,-0.21,-0.43,-0.25,-0.34,0.08,-0.69,-0.13
2017-01-20,-0.75,0.15,0.38,0.49,0.47,0.45,0.44,0.45,0.48,0.23
2017-01-23,-0.38,-0.15,-0.25,-0.11,-0.29,-0.15,-0.87,-0.22,-0.53,-0.36
2017-01-24,0.2,0.72,0.38,0.02,1.05,1.16,1.65,1.47,1.87,2.27
2017-01-25,0.67,0.61,0.44,0.82,1.01,0.87,1.17,1.27,1.46,0.68
2017-01-26,-1.03,-0.29,-0.36,0.14,-0.14,0.08,0.23,0.09,0.08,0.33
2017-01-27,-0.4,-0.21,-0.18,0.35,0.19,-0.22,-0.29,-0.42,-0.57,0.12
2017-01-30,-0.53,-0.69,-0.17,-0.46,-0.56,-0.68,-1.08,-1.15,-1.52,-1.72
2017-01-31,0.86,0.44,0.22,0.17,-0.49,-0.38,-0.12,-0.5,-0.21,0.38
2017-02-01,-0.04,0.08,-0.4,-0.37,0.96,-0.12,0.21,0.12,0.25,1.08
2017-02-02,-0.19,0.36,0.16,-0.13,0.18,0.1,-0.18,-0.51,-0.5,-0.07
2017-02-03,0.26,0.75,0.54,0.73,0.8,0.88,0.76,1.63,2.27,0.64
2017-02-06,-0.06,-0.24,-0.32,-0.06,-0.22,-0.27,-0.26,-0.52,-0.54,-0.54
2017-02-07,-0.02,0.36,0.11,0.04,-0.27,0.36,-0.16,-0.19,-0.42,-0.73
2017-02-08,0.1,0.65,0.1,0.2,-0.03,-0.13,-0.06,0.01,-0.65,0.35
2017-02-09,0.58,0.6,0.46,0.72,0.52,0.64,0.62,1.23,1.52,0.93
2017-02-10,0.29,0.22,0.55,0.22,0.25,0.85,0.51,0.48,0.08,0
2017-02-13,0.31,0.11,0.46,0.37,0.79,0.51,0.85,0.57,0.7,-0.07
2017-02-14,0.95,0.36,0.26,0.45,0.39,0.29,0.28,0.69,1.1,0.57
2017-02-15,1.34,0.68,0.55,0.49,0.17,0.63,0.67,0.4,0.76,0.02
2017-02-16,-0.75,0.04,0.05,0.18,-0.28,-0.25,-0.28,-0.33,-0.43,-0.99
2017-02-17,0.61,0.33,0.39,0.05,0.41,-0.22,0.18,-0.12,0.06,0.26
2017-02-21,0.48,0.96,0.52,0.55,0.34,0.6,0.72,0.6,0.7,1.35
2017-02-22,-0.24,-0.08,-0.16,0.09,0.06,-0.09,-0.48,-0.35,-0.29,-1.13
2017-02-23,-0.61,0.36,0.38,0.07,-0.11,-0.29,-0.21,-0.49,-0.57,-1.83
2017-02-24,0.61,0.47,0.44,0.19,0.25,0.16,-0.1,-0.29,-0.75,-0.55
2017-02-27,0.53,-0.12,0.01,-0.06,0.12,-0.03,0.52,0.6,0.7,1.45
2017-02-28,-1.56,-0.44,-0.12,-0.31,-0.13,-0.62,-0.29,-0.67,-0.62,-1.24
2017-03-01,0.65,0.75,0.93,1.3,1.61,1.38,1.97,2.12,2.44,2.62
2017-03-02,-0.22,0.03,-0.26,-0.51,-0.56,-0.91,-1.19,-1.05,-1.36,-2.13
2017-03-03,-0.36,-0.17,-0.24,0.11,-0.06,0.26,0.22,0.2,0.43,0.78
2017-03-06,-1.01,-0.54,-0.31,-0.29,-0.27,-0.33,-0.23,-0.37,-0.41,-0.59
2017-03-07,-1.24,-0.55,-0.24,-0.1,-0.2,-0.22,-0.34,-0.24,-0.63,-0.74
2017-03-08,0.67,-0.05,-0.29,0.11,0.05,-0.49,-0.44,-0.12,-0.58,-0.75
2017-03-09,-0.14,-0.14,0.27,0.17,0.27,-0.03,-0.25,0.04,0.04,-0.15
2017-03-10,0.37,0.67,0.36,0.46,0.33,0.27,0.31,0.32,0.05,0.25
2017-03-13,-0.49,-0.07,0.08,0.14,0.06,-0.02,0.22,0.44,0.28,0.64
2017-03-14,-0.44,-0.26,-0.19,-0.2,-0.38,-0.48,-0.45,-0.47,-0.47,-0.8
2017-03-15,0.99,0.88,1.1,0.81,0.71,0.91,0.95,0.76,0.67,0.96
2017-03-16,0.17,-0.21,0.1,-0.2,-0.09,-0.23,-0.14,-0.06,0.1,-0.01
2017-03-17,-0.26,0.1,0.12,0.1,-0.42,0.19,-0.15,0.01,-0.42,-0.31
2017-03-20,-0.47,-0.37,-0.33,-0.21,-0.31,-0.09,0.03,-0.45,-0.34,-0.17
2017-03-21,-1.68,-0.69,-0.58,-0.89,-1.32,-1.14,-1.66,-2.21,-2.91,-4.03
2017-03-22,-0.11,-0.19,0.22,0.02,0.24,0.21,0.52,0.25,0.07,0.39
2017-03-23,-0.01,-0.01,-0.06,-0.23,-0.14,-0.03,-0.02,0.1,0.21,0.34
2017-03-24,0.21,0.01,-0.06,-0.13,-0.19,-0.01,-0.09,-0.09,-0.03,0.45
2017-03-27,0.5,-0.06,0.16,0.13,-0.17,-0.06,-0.11,-0.07,-0.37,-0.13
2017-03-28,0.56,0.53,0.45,0.41,0.55,0.83,0.98,1.06,1.25,1.15
2017-03-29,1.28,0.33,0.1,0.21,0.14,-0.17,0.16,0.61,0.04,0.14
2017-03-30,-0.19,-0.15,0.39,0.03,0.23,0.41,0.32,0.68,0.96,1.16
2017-03-31,0.13,-0.23,-0.19,-0.2,0,-0.27,-0.1,0,-0.5,-0.39
2017-04-03,-1.11,-0.25,-0.29,0.04,-0.18,-0.27,-0.54,-0.31,-0.52,-0.39
2017-04-04,-0.74,0.05,-0.02,-0.07,0,0.21,0.05,0.57,0.19,-0.39
2017-04-05,-0.65,-0.53,-0.12,-0.2,-0.21,-0.44,-0.42,-0.52,-1.02,-1.28
2017-04-06,1.01,0.47,0.16,-0.05,0.26,0.32,0.31,0.19,0.66,0.81
2017-04-07,-0.12,0.11,-0.04,0.06,-0.13,-0.1,-0.2,-0.16,-0.13,0.02
2017-04-10,1,0.43,0.29,0.2,0,0.05,0.01,0.2,-0.26,-0.49
2017-04-11,-0.09,-0.07,0.14,-0.02,-0.02,-0.14,-0.31,0.07,0.05,-0.15
2017-04-12,-0.72,-0.33,-0.24,-0.16,-0.25,-0.25,-0.63,-0.86,-1.12,-1.21
2017-04-13,-0.31,-0.54,-0.68,-0.47,-0.68,-0.71,-0.95,-0.98,-0.89,-0.92
2017-04-17,0.53,0.64,0.54,0.95,0.54,0.78,1.27,1.13,1.27,1.25
2017-04-18,-0.51,-0.24,-0.03,-0.2,-0.09,-0.36,-0.3,-0.22,-0.58,-0.25
2017-04-19,0.14,0.15,-0.08,-0.2,-0.1,-0.26,-0.26,-0.1,0.1,0.64
2017-04-20,0.96,0.92,0.62,0.74,0.75,0.84,0.73,0.79,1.37,1.36
2017-04-21,-0.61,-0.49,-0.69,-0.17,-0.16,-0.18,-0.22,0.06,-0.37,-0.51
2017-04-24,0.77,0.59,0.62,0.77,1.2,1.14,1.33,1.54,1.65,1.96
2017-04-25,1.25,0.36,0.27,0.8,0.46,0.55,0.87,0.61,0.66,1.41
2017-04-26,0.87,0.56,0.13,0.02,0.09,-0.08,0.03,0.14,0.09,-0.3
2017-04-27,0.45,0.2,-0.27,-0.01,-0.1,0.24,0.12,-0.16,0.2,0.24
2017-04-28,-0.4,-0.4,-0.42,-0.26,-0.36,0.21,-0.46,-0.15,-0.83,-0.5
2017-05-01,-0.25,-0.45,-0.07,-0.33,0.08,0.14,0.39,0.53,0.47,1.36
2017-05-02,0.05,0.03,0.21,0.22,0.16,0.07,0.15,-0.13,0.15,-0.82
2017-05-03,-0.75,-0.14,0.11,-0.39,-0.05,0.1,-0.43,-0.33,0.05,-0.39
2017-05-04,0.1,-0.26,0.27,0.04,0.34,0.17,-0.08,-0.38,-0.12,-0.09
2017-05-05,0.48,0.8,0.43,0.53,0.21,0.05,0.65,0.45,0.44,0.95
2017-05-08,-0.52,0.55,-0.34,-0.28,-0.11,-0.24,-0.24,0.14,-0.31,0.63
2017-05-09,0.79,-0.18,-0.18,-0.12,-0.25,-0.33,-0.05,0.02,0.1,0.47
2017-05-10,0.31,0.4,0.06,-0.2,0.06,0.16,0.07,0.24,0.38,0.89
2017-05-11,-0.38,-0.26,-0.03,-0.34,-0.23,-0.34,-0.38,-0.24,-0.41,0.12
2017-05-12,-0.87,-0.33,-0.37,-0.16,-0.05,-0.44,-0.06,-0.26,-0.24,0.36
2017-05-15,0.34,0.38,0.44,0.48,0.62,0.57,0.5,0.48,0.71,0.51
2017-05-16,-1.05,-0.44,-0.55,-0.15,-0.16,0.1,0.01,0.67,0.36,0.28
2017-05-17,-1.83,-1.02,-1.12,-1.42,-1.21,-1.74,-2.49,-2.55,-3.08,-4.3
2017-05-18,-0.16,-0.01,0.14,0.59,0.12,0.22,0.71,0.25,0.88,1.32
2017-05-19,0.82,0.75,0.72,0.71,0.71,0.53,0.57,0.81,0.49,1.13
2017-05-22,0.15,0.75,0.34,0.12,0.66,0.55,0.74,0.76,0.73,0.85
2017-05-23,-0.1,-0.09,-0.08,0.05,0.15,0.31,0.34,0.4,0.19,0.5
2017-05-24,-0.45,-0.09,0.1,0.05,0.42,0.46,0.67,0.09,0.31,0.24
2017-05-25,-0.22,-0.11,0.41,0.25,0.5,0.69,0.39,0.69,0.46,0.63
2017-05-26,-0.24,0.06,-0.16,-0.14,0.16,0.11,0.2,0.16,-0.04,0.27
2017-05-30,-0.58,-0.23,-0.23,-0.25,-0.08,-0.12,-0.1,-0.19,-0.17,-0.35
2017-05-31,0.09,-0.13,0.23,-0.1,0.37,0.19,-0.09,-0.34,-0.11,-0.33
2017-06-01,2.11,1.19,1.1,1.05,0.8,0.85,0.85,0.79,0.88,0.84
2017-06-02,0.19,-0.3,0.19,0.17,0.2,0.34,0.55,0.75,0.51,0.79
2017-06-05,-1.16,0.02,-0.09,-0.13,-0.14,-0.16,-0.28,0.21,-0.48,-0.38
2017-06-06,-0.45,0.02,-0.29,-0.07,-0.42,-0.42,-0.43,-0.29,-0.35,-0.01
2017-06-07,-0.48,-0.58,-0.39,-0.02,0.04,0.16,0.28,0.48,0.35,0.81
2017-06-08,0.36,-0.27,-0.47,-0.11,-0.1,0.08,0.1,0.69,0.52,0.88
2017-06-09,1.44,1.39,0.68,0.46,0.45,0.41,-0.43,-1.3,-0.18,-2.34
2017-06-12,0.84,0.65,0.66,0.21,0.07,-0.24,-0.41,-0.61,-0.14,-1.1
2017-06-13,0.44,-0.1,0.08,0.31,0.47,0.53,0.82,0.89,0.74,0.79
2017-06-14,-0.23,-0.17,0.06,-0.09,0.1,0,0,-0.3,-0.27,-0.84
2017-06-15,-1.65,-0.16,0.02,-0.13,-0.18,-0.29,-0.09,-0.48,-0.3,-0.6
2017-06-16,-0.27,-0.15,-0.24,-0.34,0.32,-0.02,0.1,0.49,0.02,-0.61
2017-06-19,0.62,0.05,0.52,0.28,0.31,0.69,0.94,1.2,1.14,2.2
2017-06-20,-0.61,-1.23,-0.61,-0.6,-0.52,-0.5,-0.81,-0.74,-0.74,-0.99
2017-06-21,0.11,-0.65,-0.35,-0.41,0.02,-0.18,-0.26,0.33,-0.12,0.51
2017-06-22,1.76,0.05,0.03,-0.03,0.52,-0.21,-0.14,-0.09,-0.11,-0.14
2017-06-23,0.56,0.35,0.35,-0.03,0.35,0.04,0.11,0.51,0.15,0.2
2017-06-26,1.34,0.23,0.42,0.3,0.18,-0.01,-0.04,-0.6,0.08,-0.2
2017-06-27,-0.61,-0.93,-0.83,-0.74,-0.5,-0.61,-0.53,-1.18,-0.79,-1.39
2017-06-28,0.97,0.38,0.56,0.36,0.93,0.86,1.07,1.44,1.44,1.79
2017-06-29,-0.23,-0.64,-0.49,-0.92,-0.63,-0.86,-0.74,-1.13,-0.77,-1.26
2017-06-30,0.16,0.27,0.53,0.11,0.07,0.33,0.19,0.01,0.15,-0.07
2017-07-03,1.02,0.96,0.39,0.41,0.14,0.34,0.37,-0.28,0.11,-0.08
2017-07-05,-1.17,-1.13,-0.44,-0.38,0.23,0.07,0.31,0.75,0.79,0.71
2017-07-06,-2.32,-1.61,-1.16,-0.87,-0.92,-0.71,-0.84,-0.63,-0.79,-0.85
2017-07-07,0.15,0.02,0.35,0.26,0.42,0.72,0.85,1.04,1.05,1.27
2017-07-10,-0.44,-0.16,-0.19,-0.08,-0.44,-0.2,0.01,0.55,0.3,0.6
2017-07-11,0.05,0.27,-0.25,0.12,-0.11,-0.15,0.01,-0.08,-0.03,0.26
2017-07-12,0.21,0.57,0.51,0.66,0.62,0.62,1.01,1.16,0.57,0.65
2017-07-13,0.95,0.6,-0.06,0.12,0.1,0.07,0.1,0.1,0.37,0.1
2017-07-14,0.6,0.36,0.49,0.6,0.57,0.23,0.45,0.53,0.18,0.43
2017-07-17,0.22,0.17,-0.02,-0.12,0.03,0,-0.15,0.14,-0.01,-0.21
2017-07-18,-0.53,-0.29,-0.38,-0.09,0.19,-0.14,0.13,0.32,0.04,0.41
2017-07-19,1.61,0.76,0.37,0.49,0.71,0.68,0.6,0.51,0.61,0.46
2017-07-20,0.09,0.2,0.16,-0.16,0.26,0.23,-0.23,0.13,-0.19,-0.14
2017-07-21,-0.2,-0.23,-0.43,0.04,0.2,-0.28,0.26,-0.12,-0.14,-0.04
2017-07-24,-0.97,-0.66,-0.43,-0.17,-0.21,-0.31,-0.05,0.15,0.37,0.69
2017-07-25,1.88,0.96,0.67,0.65,0.36,0.21,0.11,-0.06,0.61,0.28
2017-07-26,0.06,-0.04,0.37,-0.13,-0.09,-0.25,-0.21,-0.17,-0.21,0.68
2017-07-27,0.28,1.23,0.59,-0.37,0.33,0.12,-0.36,-0.64,-0.8,-1.02
2017-07-28,0.09,-0.34,-0.24,-0.26,-0.05,-0.54,0.22,-0.45,-0.07,-0.04
2017-07-31,0.47,0.03,0.35,-0.1,0.11,0.08,-0.55,-0.53,0.03,-0.25
2017-08-01,-0.41,-0.26,0.14,0.16,0.2,0.2,0.29,0.3,0.49,0.54
2017-08-02,-1.18,-0.56,-0.26,-0.01,-0.19,-0.22,-0.17,0.04,1.17,-0.45
2017-08-03,-0.92,-0.37,-0.36,0.1,-0.13,-0.1,-0.15,-0.28,-0.3,-0.23
2017-08-04,0.77,-0.03,0.06,0,-0.11,0.3,0.27,0.16,0.47,0.84
2017-08-07,-0.09,-0.07,-0.14,0.25,0.07,-0.14,0.13,0.5,0.25,0.67
2017-08-08,-0.85,-0.35,-0.27,-0.22,-0.25,-0.34,-0.24,-0.02,-0.23,-0.24
2017-08-09,-0.27,-0.15,0.01,-0.02,-0.29,0.3,-0.04,-0.17,-0.42,-0.64
2017-08-10,-2.46,-1,-1.04,-0.99,-0.93,-1.09,-1.46,-1.59,-2.36,-2.58
2017-08-11,0.44,0.07,0.01,-0.06,0.08,0.04,0.29,0.55,0.39,0.07
2017-08-14,0.08,0.49,0.49,0.72,0.59,1.08,1.17,1.23,1.41,1.94
2017-08-15,-1.99,-0.75,-0.33,0.04,-0.05,-0.28,-0.04,0.04,0.21,0.05
2017-08-16,0.38,0.06,0.11,0.09,0.41,0.45,0.36,0.11,-0.08,0.01
2017-08-17,-1.21,-1.18,-1.38,-1.25,-1.73,-1.38,-1.62,-1.73,-1.84,-2.19
2017-08-18,-0.67,-0.19,-0.33,-0.26,-0.26,-0.21,-0.1,0.06,-0.14,0.17
2017-08-21,-0.59,0.02,0.05,0.1,0.52,0.37,0.11,0.02,-0.13,-0.31
2017-08-22,0.61,0.66,0.73,0.63,0.68,0.97,1.01,1.33,1.31,1.78
2017-08-23,-0.02,-0.13,-0.17,-0.42,-0.49,-0.24,-0.42,-0.53,-0.33,-0.18
2017-08-24,0.14,-0.59,-0.3,0.03,-0.09,-0.24,-0.32,0.01,-0.12,0.04
2017-08-25,1.04,0.38,0.35,0.35,0.23,0.33,0.12,0.15,-0.04,-0.3
2017-08-28,-0.33,-0.23,-0.05,0.13,-0.01,-0.06,0.1,0.1,0.22,0.33
2017-08-29,-0.33,-0.08,0.01,0,0.03,0.15,0.19,0.23,0.21,-0.02
2017-08-30,0.06,0.13,0.34,0.54,0.03,0.41,0.58,0.89,0.57,1.12
2017-08-31,1.1,0.88,0.48,0.74,0.44,0.58,0.69,0.9,0.67,0.57
2017-09-01,1.11,1.06,0.48,0.31,0.22,0.05,0.16,-0.08,0.25,0.42
2017-09-05,-0.25,-0.66,-0.28,-0.44,-0.49,-0.43,-0.95,-0.82,-1.15,-1.57
2017-09-06,1.15,1.04,0.69,0.22,0.35,0.33,0.34,0.1,0.08,-0.01
2017-09-07,-0.03,-0.74,-0.05,0.02,0.09,0.07,-0.24,0.47,-0.29,-0.34
2017-09-08,-1.54,-0.86,-0.27,0.06,-0.03,0.29,0.05,-0.15,-0.01,-0.59
2017-09-11,1.07,0.65,0.7,0.97,1,0.68,1.06,1.23,1.34,1.55
2017-09-12,1.68,0.8,0.62,0.8,0.26,0.25,0.33,0.28,0.49,0.27
2017-09-13,1.76,1.16,0.15,-0.03,0.08,-0.04,-0.11,0.18,-0.2,0.27
2017-09-14,-0.56,0,-0.25,0.23,-0.18,0.09,-0.11,-0.4,-0.37,-0.09
2017-09-15,0.47,0.15,0.3,0.29,0.19,0.17,0.16,-0.38,0.46,0.55
2017-09-18,-0.17,0.44,0.06,0.09,-0.02,0.19,0.23,-0.06,0.28,1.23
2017-09-19,-1.29,-0.51,-0.43,0.06,0.08,0.3,0.13,0.45,0.26,0.25
2017-09-20,0.46,0.82,0.03,0.17,0.25,0.05,0.36,0.1,-0.24,0.19
2017-09-21,0.18,0.27,-0.54,-0.38,-0.44,-0.3,-0.18,-0.16,-0.48,-0.15
2017-09-22,1.1,0.51,0.45,0.36,0.22,-0.01,0.08,0.33,0.01,-0.34
2017-09-25,1.35,1.09,0.81,0.45,0.39,0.18,-0.3,-0.44,-1.2,-1.34
2017-09-26,0.48,0.03,0.04,-0.01,0.06,-0.08,0,0.05,-0.03,0.42
2017-09-27,0.89,0,0.38,0.02,-0.13,0.77,0.2,0.75,1.13,1.54
2017-09-28,-0.7,-0.27,-0.01,-0.17,0.18,-0.07,0.34,0.22,0.39,0.19
2017-09-29,-0.16,0.05,0.13,0.12,0.16,0.24,0.55,0.45,0.53,0.52
2017-10-02,0.92,0.79,0.46,0.49,0.58,0.68,0.44,0.57,0.42,0.35
2017-10-03,0.14,0.4,0.05,0.17,0.24,0.07,0.39,0.19,0.37,0.44
2017-10-04,-0.65,-0.07,0.03,-0.05,0.03,0.31,0.08,0.21,0,0.05
2017-10-05,1.02,0.41,0.3,0.45,0.1,0.66,0.76,0.62,0.62,0.68
2017-10-06,-0.99,-0.65,-0.58,-0.49,-0.24,0.08,0.06,0.1,0.12,0.25
2017-10-09,-0.52,-1.32,-0.69,-0.5,-0.31,-0.16,0.08,0.02,-0.14,-0.18
2017-10-10,-0.34,0.29,0.29,0.3,0.28,0.45,0.3,0.12,0.12,0.24
2017-10-11,-0.3,-0.18,-0.16,-0.01,0,0.59,0.07,0.13,0.29,0.26
2017-10-12,-1.13,-0.63,-0.84,0.23,-0.08,-0.24,0.07,0.14,-0.29,-0.2
2017-10-13,-0.16,0.14,-0.12,0.11,0.15,-0.12,0.04,0.09,0.14,0.14
2017-10-16,-0.42,0.19,0.16,-0.09,0.11,-0.01,0,0.21,0.52,0.48
2017-10-17,0.09,0.11,0.09,-0.06,-0.13,0.48,-0.3,-0.05,0.23,-0.3
2017-10-18,-0.42,-0.25,0.31,0.19,-0.03,-0.22,0.2,0.21,0.33,0.35
2017-10-19,-0.01,0.32,0.1,0.01,0.23,0.03,0.05,-0.27,0.02,-0.11
2017-10-20,0.78,0.51,0.6,0.36,0.14,0.51,0.67,0.87,0.5,0.98
2017-10-23,-1.45,-1.33,-0.37,-0.45,-0.74,-0.16,-0.24,-0.36,-0.32,-0.47
2017-10-24,-0.41,-0.23,-0.33,-0.29,0,0.13,0.58,0.43,0.69,0.47
2017-10-25,-0.77,-0.72,-0.33,-0.83,-0.28,-0.52,-0.23,-0.48,-0.35,-1.52
2017-10-26,0.11,-0.51,0.4,0.17,0.09,0.16,0.14,0.28,0.24,0.44
2017-10-27,0.06,-0.13,-0.27,0.1,0.36,2.78,0.91,1.05,0.68,1.07
2017-10-30,-0.01,-0.72,-0.5,-0.91,-0.73,-0.27,-0.42,-0.04,-0.41,-0.4
2017-10-31,-0.78,0.47,0.03,0.42,0.03,-0.05,0.21,0.4,0.36,0.74
2017-11-01,0.59,0.21,0.41,0.25,0.18,-0.02,0.33,-0.42,0.1,-0.78
2017-11-02,-0.51,-0.89,-0.27,-0.06,-0.02,0.17,0.38,0.11,0.53,0.16
2017-11-03,2.22,0.05,-0.14,0.23,0.11,0.24,0.15,0.78,0.21,0.82
2017-11-06,1.94,-0.03,0.5,-0.45,-0.22,-0.15,0.22,0.27,0.23,0.13
2017-11-07,-0.59,0.11,0.12,0.16,0,-0.33,-0.3,-0.39,-0.75,-0.02
2017-11-08,-0.23,0.37,0.28,0.45,-0.02,-0.05,0.28,-0.25,0.45,0
2017-11-09,0.28,0.17,0.32,-0.29,-0.19,-0.25,-0.73,-0.46,-0.71,-1.01
2017-11-10,0.37,0.76,-0.08,-0.06,0.02,-0.25,-0.11,-0.05,-0.11,0.49
2017-11-13,-0.61,-1.43,-0.3,-0.05,0.27,0.2,0.28,0.18,0.3,0.11
2017-11-14,-0.9,-1.5,-0.75,-0.53,-0.1,0.1,0,0.04,0.19,-0.54
2017-11-15,-0.2,-0.64,-0.65,-0.13,-0.37,-0.41,-0.75,-0.37,-0.77,-0.59
2017-11-16,1.28,1.03,1.04,0.7,0.91,0.66,0.55,1.21,1.12,1.57
2017-11-17,2.21,0.95,0.99,0.17,-0.02,-0.49,-0.27,-0.55,-0.32,-0.14
2017-11-20,-0.46,-0.39,0.02,-0.14,0.17,0.22,0.25,0.38,0.22,0.6
2017-11-21,-0.06,-0.19,0.17,0.41,0.73,0.59,0.48,0.73,1.12,1.24
2017-11-22,1.32,0.94,0.42,0.12,-0.13,-0.18,0.08,-0.23,-0.14,-0.4
2017-11-24,-0.18,-0.08,-0.19,0.04,0.01,0.03,0.06,0.45,0.38,0.52
2017-11-27,-0.63,-0.68,-0.22,-0.04,-0.21,-0.11,0.17,0.35,-0.15,-0.4
2017-11-28,1.97,1.51,1.21,1.36,1.25,1.41,1.04,1.13,0.57,0.61
2017-11-29,1.52,0.98,1.74,1.36,1.23,0.92,0.49,0.46,-1.34,-2.7
2017-11-30,0.67,0.55,0.35,0.7,0.79,0.83,0.63,0.69,1.04,1.24
2017-12-01,-0.48,0.14,-0.01,0.13,0.11,-0.24,0.12,-0.03,-0.56,-0.87
2017-12-04,0.86,0.9,1.1,1.15,0.92,0.72,0.47,0.12,-1.82,-2.16
2017-12-05,-1.75,-0.88,-1.04,-1.08,-0.46,-0.6,-0.76,-0.29,0.16,0.01
2017-12-06,-1.15,-0.87,-0.57,-0.36,-0.55,-0.12,-0.2,-0.21,0.57,0.41
2017-12-07,0.33,0.09,0.22,0.37,0.1,0.21,0.23,0.24,0.5,1.09
2017-12-08,0.76,1.03,1.15,0.25,0.41,0.3,0.56,0.71,0.71,0.22
2017-12-11,0.24,0.38,0.59,0.31,0.18,0.19,-0.02,0.21,0.23,0.55
2017-12-12,-0.01,0.25,0.9,0.44,0.29,0.27,0.14,-0.19,0.02,-0.5
2017-12-13,0.08,-0.06,-0.45,0,-0.48,0.13,-0.27,0.29,-0.04,0.61
2017-12-14,-1.2,-0.99,-0.78,-0.26,-0.38,-0.41,-0.76,-0.32,-0.6,-0.17
2017-12-15,0.94,0.62,0.91,1.01,0.79,1.08,0.82,0.77,1.2,1.07
2017-12-18,1.43,1.55,0.69,0.57,0.71,0.39,0.29,0.76,0.42,0.95
2017-12-19,-0.61,0.19,-0.41,-0.3,-0.17,-0.31,-0.41,-0.18,-0.15,-0.56
2017-12-20,0.15,0.99,0.48,-0.14,0.12,-0.21,-0.16,0.01,-0.11,0.01
2017-12-21,1.26,1.3,0.67,0.98,0.58,0.37,0.13,-0.26,-0.08,-0.27
2017-12-22,0.24,0.13,-0.07,-0.01,-0.08,-0.1,-0.14,-0.16,-0.05,-0.01
2017-12-26,0.89,0.7,0.23,-0.03,0.1,-0.06,-0.14,-0.07,0.14,-0.65
2017-12-27,-0.58,-0.55,-0.27,-0.19,-0.14,0.18,0.18,0.1,0.22,0.36
2017-12-28,0.14,0.23,0.32,0.02,0.29,0.16,0.3,0.15,0.28,0.29
2017-12-29,-0.42,-0.61,-0.48,-0.57,-0.45,-0.41,-0.52,-0.45,-0.7,-0.94
